,ASIN,name,price,ratings,ratings_count,details_link
0,B007K9OIMU,"Mr. Coffee Espresso and Cappuccino Machine, Programmable Coffee Maker with Automatic Milk Frother and 15-Bar Pump, Stainless Steel",199.99,4.4 out of 5 stars,12,https://www.amazon.com/sspa/click?ie=UTF8&spc=MTo0MTk0NjM5MDMxOTQ0MjQxOjE2ODg0MDAwNDc6c3BfYXRmOjIwMDEyNjYzMDE0MzI5ODo6MDo6&url=%2FMr-Coffee-Espresso-Cappuccino-Barista%2Fdp%2FB007K9OIMU%2Fref%3Dsr_1_1_sspa%3Fcrid%3D2QSFJ6NILU9ZH%26keywords%3Despresso%2Bmachine%26qid%3D1688400047%26sprefix%3Despress%252Caps%252C162%26sr%3D8-1-spons%26sp_csd%3Dd2lkZ2V0TmFtZT1zcF9hdGY%26psc%3D1
2,B0B7C2G3FQ,"Chefman 6-in-1 Espresso Machine with Steamer, One-Touch Single or Double Shot Espresso Maker, Coffee Maker, Cappuccino Machine, Latte Maker, Built-In Milk Frother Coffee Machine, Stainless Steel",99.99,4.1 out of 5 stars,2,https://www.amazon.com/sspa/click?ie=UTF8&spc=MTo0MTk0NjM5MDMxOTQ0MjQxOjE2ODg0MDAwNDc6c3BfYXRmOjIwMDEyNjEyNTgyNDc5ODo6MDo6&url=%2FChefman-Easy-Brew-One-Touch-Reservoir-Stainless%2Fdp%2FB0B7C2G3FQ%2Fref%3Dsr_1_3_sspa%3Fcrid%3D2QSFJ6NILU9ZH%26keywords%3Despresso%2Bmachine%26qid%3D1688400047%26sprefix%3Despress%252Caps%252C162%26sr%3D8-3-spons%26sp_csd%3Dd2lkZ2V0TmFtZT1zcF9hdGY%26psc%3D1
3,B0BZKD9TMX,"Espresso Machines with Steamer, 20 Bar Pump Espresso and Cappuccino latte Maker, Espresso Machine Easy to Use for Home Barista, 1350W, Stainless Steel",169.99,4.5 out of 5 stars,43,https://www.amazon.com/sspa/click?ie=UTF8&spc=MTo0MTk0NjM5MDMxOTQ0MjQxOjE2ODg0MDAwNDc6c3BfYXRmOjMwMDAwNDU4MjY0MTQwMjo6MDo6&url=%2FILAVIE-Espresso-Machines-Cappuccino-Stainless%2Fdp%2FB0BZKD9TMX%2Fref%3Dsr_1_4_sspa%3Fcrid%3D2QSFJ6NILU9ZH%26keywords%3Despresso%2Bmachine%26qid%3D1688400047%26sprefix%3Despress%252Caps%252C162%26sr%3D8-4-spons%26sp_csd%3Dd2lkZ2V0TmFtZT1zcF9hdGY%26psc%3D1
6,B08NFMKHSK,"Mr. Coffee Espresso and Cappuccino Machine, Single Serve Coffee Maker with Milk Frothing Pitcher and Steam Wand, Stainless Steel",54.99,4.3 out of 5 stars,2,https://www.amazon.com/Mr-Coffee-Cappuccino-Stainless-Measuring/dp/B08NFMKHSK/ref=sr_1_7?crid=2QSFJ6NILU9ZH&keywords=espresso+machine&qid=1688400047&sprefix=espress%2Caps%2C162&sr=8-7
8,B08C96BG9H,"De'Longhi Stilosa Manual Espresso Machine, Latte & Cappuccino Maker, 15 Bar Pump Pressure + Milk Frother Steam Wand, Black / Stainless, EC260BK, 13.5 x 8.07 x 11.22 inches",107.99,4.4 out of 5 stars,7,https://www.amazon.com/DeLonghi-Espresso-Cappuccino-Stainless-EC260BK/dp/B08C96BG9H/ref=sr_1_9?crid=2QSFJ6NILU9ZH&keywords=espresso+machine&qid=1688400047&sprefix=espress%2Caps%2C162&sr=8-9
9,B0BY1QDYW8,"SHARDOR Espresso Machine, 20 Bar Expresso Coffee Machines with Milk Frother Steam Wand, Manual Latte & Cappuccino Maker, Temperature Display, 60 Oz Removable Water Tank, 1350W, Stainless Steel",159.99,4.5 out of 5 stars,15,https://www.amazon.com/SHARDOR-Cappuccino-Temperature-Removable-Stainless/dp/B0BY1QDYW8/ref=sr_1_10?crid=2QSFJ6NILU9ZH&keywords=espresso+machine&qid=1688400047&sprefix=espress%2Caps%2C162&sr=8-10
10,B0BNKNC54B,"Espresso Machine, 20 Bar Espresso Maker with Milk Frother Steam Wand for Latte and Cappuccino, Stainless Steel Coffee machines with 1.8L/60oz Water Tank for home, Sliver Coffee maker",159.99,4.2 out of 5 stars,41,https://www.amazon.com/sspa/click?ie=UTF8&spc=MTo0MTk0NjM5MDMxOTQ0MjQxOjE2ODg0MDAwNDc6c3BfbXRmOjIwMDEzMDUxODEwNjY5ODo6MDo6&url=%2FFrossvt-Bar-Espresso-Machine-Cappuccino%25EF%25BC%258C%2Fdp%2FB0BNKNC54B%2Fref%3Dsr_1_11_sspa%3Fcrid%3D2QSFJ6NILU9ZH%26keywords%3Despresso%2Bmachine%26qid%3D1688400047%26sprefix%3Despress%252Caps%252C162%26sr%3D8-11-spons%26sp_csd%3Dd2lkZ2V0TmFtZT1zcF9tdGY%26psc%3D1
12,B0BR33KYLB,"Espresso Machine, 20 BAR Espresso Maker with Milk Frother/Steam Wand, Stainless Steel Compact Espresso Coffee Machine with 48oz Removable Water Tank for Cappuccino, Latte, Gifts",99.99,4.3 out of 5 stars,64,https://www.amazon.com/sspa/click?ie=UTF8&spc=MTo0MTk0NjM5MDMxOTQ0MjQxOjE2ODg0MDAwNDc6c3BfbXRmOjIwMDE3ODYzMDk5OTE5ODo6MDo6&url=%2FMAttinata-Espresso-Stainless-Removable-Cappuccino%2Fdp%2FB0BR33KYLB%2Fref%3Dsr_1_13_sspa%3Fcrid%3D2QSFJ6NILU9ZH%26keywords%3Despresso%2Bmachine%26qid%3D1688400047%26sprefix%3Despress%252Caps%252C162%26sr%3D8-13-spons%26sp_csd%3Dd2lkZ2V0TmFtZT1zcF9tdGY%26psc%3D1
13,B08RYPGQ5W,"Gevi Espresso Machines 20 Bar Fast Heating Automatic Cappuccino Coffee Maker with Foaming Milk Frother Wand for Espresso, Latte Macchiato, 1.2L Removable Water Tank, 1350W, White",159.99,4.1 out of 5 stars,1,https://www.amazon.com/sspa/click?ie=UTF8&spc=MTo0MTk0NjM5MDMxOTQ0MjQxOjE2ODg0MDAwNDc6c3BfbXRmOjIwMDE0NDE4NzQ5NjQ5ODo6MDo6&url=%2FGevi-Automatic-Cappuccino-Macchiato-Removable%2Fdp%2FB08RYPGQ5W%2Fref%3Dsr_1_14_sspa%3Fcrid%3D2QSFJ6NILU9ZH%26keywords%3Despresso%2Bmachine%26qid%3D1688400047%26sprefix%3Despress%252Caps%252C162%26sr%3D8-14-spons%26sp_csd%3Dd2lkZ2V0TmFtZT1zcF9tdGY%26psc%3D1
14,B09X3WGJ3R,"CASABREWS Espresso Machine 20 Bar, Professional Espresso Maker with Milk Frother Steam Wand, Compact Espresso Coffee Machine with 34oz Removable Water Tank for Cappuccino, Latte, Gift for Dad or Mom",139.99,4.4 out of 5 stars,613,https://www.amazon.com/Espresso-Professional-Removable-Cappuccino-Macchiato/dp/B09X3WGJ3R/ref=sr_1_15?crid=2QSFJ6NILU9ZH&keywords=espresso+machine&qid=1688400047&sprefix=espress%2Caps%2C162&sr=8-15
15,B0BGNG7Y3Q,"Espresso Machine 15 Bar, Espresso and Cappuccino Machine with Milk Frother, Espresso Maker with Steamer, Digital Touch Screen Coffee Machine with 50 oz Water Tank",80.99,4.6 out of 5 stars,1,https://www.amazon.com/Kwister-Espresso-Machine-Cappuccino-Frother/dp/B0BGNG7Y3Q/ref=sr_1_16?crid=2QSFJ6NILU9ZH&keywords=espresso+machine&qid=1688400047&sprefix=espress%2Caps%2C162&sr=8-16
16,B00YCP6ZNU,"De'Longhi Bar Pump Espresso and Cappuccino Machine, 15"", Stainless Steel",138.0,4.3 out of 5 stars,8,https://www.amazon.com/DeLonghi-ECP3630-Espresso-Cappuccino-Stainless/dp/B00YCP6ZNU/ref=sr_1_17?crid=2QSFJ6NILU9ZH&keywords=espresso+machine&qid=1688400047&sprefix=espress%2Caps%2C162&sr=8-17
17,B0C16984VN,"Gevi Espresso Machines 20 Bar Fast Heating Commercial Automatic Cappuccino Coffee Maker with Foaming Milk Frother Wand for Espresso, Latte Macchiato, 1.2L Removable Water Tank",159.99,4.4 out of 5 stars,1,https://www.amazon.com/Gevi-Commercial-Automatic-Cappuccino-Macchiato/dp/B0C16984VN/ref=sr_1_18?crid=2QSFJ6NILU9ZH&keywords=espresso+machine&qid=1688400047&sprefix=espress%2Caps%2C162&sr=8-18
19,B0BRSP8YT6,"CASABREWS Espresso Machine 20 Bar, Professional Coffee Maker Cappuccino Latte Machine with Steam Milk Frother, Espresso Coffee Machine with 49oz Removable Water Tank, Stainless Steel, Gift for Dad Mom",109.99,4.4 out of 5 stars,77,https://www.amazon.com/sspa/click?ie=UTF8&spc=MTo0MTk0NjM5MDMxOTQ0MjQxOjE2ODg0MDAwNDc6c3BfbXRmOjIwMDEzNTQ0ODE3MjQ5ODo6MDo6&url=%2FCASABREWS-Professional-Cappuccino-Removable-Stainless%2Fdp%2FB0BRSP8YT6%2Fref%3Dsr_1_20_sspa%3Fcrid%3D2QSFJ6NILU9ZH%26keywords%3Despresso%2Bmachine%26qid%3D1688400047%26sprefix%3Despress%252Caps%252C162%26sr%3D8-20-spons%26sp_csd%3Dd2lkZ2V0TmFtZT1zcF9tdGY%26psc%3D1
21,B0BPSDHNWT,"Espresso Machine, Stainless Steel Espresso Machine with Milk Frother for Latte, Cappuccino, Machiato,for Home Espresso Maker, 1.8L Water Tank, 20 Bar",169.99,5.0 out of 5 stars,4,https://www.amazon.com/sspa/click?ie=UTF8&spc=MTo0MTk0NjM5MDMxOTQ0MjQxOjE2ODg0MDAwNDc6c3BfbXRmOjIwMDE3NDk0NDkyMzg5ODo6MDo6&url=%2FSUMSATY-Espresso-Stainless-Cappuccino-Machiato%2Fdp%2FB0BPSDHNWT%2Fref%3Dsr_1_22_sspa%3Fcrid%3D2QSFJ6NILU9ZH%26keywords%3Despresso%2Bmachine%26qid%3D1688400047%26sprefix%3Despress%252Caps%252C162%26sr%3D8-22-spons%26sp_csd%3Dd2lkZ2V0TmFtZT1zcF9tdGY%26psc%3D1
22,B09DXZ9R4Y,"Gevi Espresso Machines 20 Bar Fast Heating Automatic Cappuccino Coffee Maker with Foaming Milk Frother Wand for Espresso, 1.2L Removable Water Tank, Double Temperature Control System 1350W, Black",172.99,4.1 out of 5 stars,1,https://www.amazon.com/sspa/click?ie=UTF8&spc=MTo2NTMyNzk1OTM4MTAwNDgyOjE2ODg0MDAwNjg6c3BfYXRmX25leHQ6MzAwMDA0MzI5NjE3MDAyOjowOjo&url=%2FGevi-Automatic-Cappuccino-Removable-Temperature%2Fdp%2FB09DXZ9R4Y%2Fref%3Dsr_1_49_sspa%3Fcrid%3D2QSFJ6NILU9ZH%26keywords%3Despresso%2Bmachine%26qid%3D1688400068%26sprefix%3Despress%252Caps%252C162%26sr%3D8-49-spons%26sp_csd%3Dd2lkZ2V0TmFtZT1zcF9hdGZfbmV4dA%26psc%3D1
25,B07ZG4X9TX,"Mixpresso Espresso Machine for Nespresso Compatible Capsule, Single Serve Coffee Maker Programmable Buttons for Espresso Pods, Premium Italian 19 Bar High Pressure Pump 27oz 1400W (White)",79.99,4.1 out of 5 stars,3,https://www.amazon.com/sspa/click?ie=UTF8&spc=MTo2NTMyNzk1OTM4MTAwNDgyOjE2ODg0MDAwNjg6c3BfYXRmX25leHQ6MjAwMDIzNzU5NjcwMjUxOjowOjo&url=%2FMixpresso-Espresso-Nespresso-Compatible-Programmable%2Fdp%2FB07ZG4X9TX%2Fref%3Dsr_1_52_sspa%3Fcrid%3D2QSFJ6NILU9ZH%26keywords%3Despresso%2Bmachine%26qid%3D1688400068%26sprefix%3Despress%252Caps%252C162%26sr%3D8-52-spons%26sp_csd%3Dd2lkZ2V0TmFtZT1zcF9hdGZfbmV4dA%26psc%3D1
26,B0B3SY5GBQ,"Gevi 20 Bar Compact Professional Espresso Coffee Machine with Milk Frother/Steam Wand for Espresso, Latte and Cappuccino, Stainless Steel, 35 Oz Removable Water Tank",179.99,4.3 out of 5 stars,128,https://www.amazon.com/Gevi-Professional-Cappuccino-Stainless-Removable/dp/B0B3SY5GBQ/ref=sr_1_53?crid=2QSFJ6NILU9ZH&keywords=espresso+machine&qid=1688400068&sprefix=espress%2Caps%2C162&sr=8-53
27,B0C58JJKH8,"Espresso Coffee Machine, 20 Bar Espresso Machine with Steamer, Compact Espresso Maker with Milk Frother for Home, Stainless Steel Cappuccino Machine for Cappuccino, Latte, 1250W",139.99,4.7 out of 5 stars,27,https://www.amazon.com/ILAVIE-Espresso-Machine-Stainless-Cappuccino/dp/B0C58JJKH8/ref=sr_1_54?crid=2QSFJ6NILU9ZH&keywords=espresso+machine&qid=1688400068&sprefix=espress%2Caps%2C162&sr=8-54
29,B0BRSL61RS,"FOHERE Espresso Machine, 15 Bar Espresso and Cappuccino Maker with Milk Frother Steam Wand, Professional Espresso Coffee Machine for Espresso, Cappuccino, Latte and Mocha, Brushed Stainless Steel",139.99,4.3 out of 5 stars,46,https://www.amazon.com/FOHERE-Espresso-Cappuccino-Professional-Stainless/dp/B0BRSL61RS/ref=sr_1_56?crid=2QSFJ6NILU9ZH&keywords=espresso+machine&qid=1688400068&sprefix=espress%2Caps%2C162&sr=8-56
30,B09ZHXR4H2,"Neretva 20 Bar Espresso Coffee Machine with Steam Wand for Latte Espresso and Cappuccino, Compact Espresso Maker For Home Barista, 1350W Premium Italian High Pressure - Beige",119.99,4.0 out of 5 stars,212,https://www.amazon.com/Neretva-Espresso-Machine-Cappuccino-Pressure/dp/B09ZHXR4H2/ref=sr_1_57?crid=2QSFJ6NILU9ZH&keywords=espresso+machine&qid=1688400068&sprefix=espress%2Caps%2C162&sr=8-57
31,B0BXSDZ6LD,"20 Bar Espresso Machine, Stainless Steel Espresso Coffee Machine for Cappuccino, Latte, Espresso Maker for Home, Automatic Espresso Machine with Milk Steamer, 1.8L Water Tank, 1350W",169.99,4.5 out of 5 stars,26,https://www.amazon.com/ILAVIE-Espresso-Stainless-Cappuccino-Automatic/dp/B0BXSDZ6LD/ref=sr_1_58?crid=2QSFJ6NILU9ZH&keywords=espresso+machine&qid=1688400068&sprefix=espress%2Caps%2C162&sr=8-58
32,B0C9CHX4QJ,"JASSY Espresso Coffee Machine 20 Bar Cappuccino Machines with Temperature Dial for Barista Brewing with Powful Milk Frother for Cappuccino/Mocha/Latte,1200W",159.99,4.8 out of 5 stars,180,https://www.amazon.com/sspa/click?ie=UTF8&spc=MToxODUxNjg3NTk0OTg0MzI5OjE2ODg0MDAxNDM6c3BfYXRmX25leHQ6MzAwMDA1MjcyMDgzNTAyOjowOjo&url=%2FJASSY-Espresso-Cappuccino-Machines-Temperature%2Fdp%2FB0C9CHX4QJ%2Fref%3Dsr_1_145_sspa%3Fcrid%3D2QSFJ6NILU9ZH%26keywords%3Despresso%2Bmachine%26qid%3D1688400143%26sprefix%3Despress%252Caps%252C162%26sr%3D8-145-spons%26sp_csd%3Dd2lkZ2V0TmFtZT1zcF9hdGZfbmV4dA%26psc%3D1
33,B0B8CDCZVZ,"CASABREWS Espresso Machine 20 Bar, Compact Espresso Maker With Milk Frother Steam Wand, Professional Cappuccino Machine With 49 oz Removable Water Tank for Lattes, Macchiatos, Gift for Dad Mom Wife",149.99,4.3 out of 5 stars,233,https://www.amazon.com/sspa/click?ie=UTF8&spc=MToxODUxNjg3NTk0OTg0MzI5OjE2ODg0MDAxNDM6c3BfYXRmX25leHQ6MjAwMDg3NTgzMjc1MTk4OjowOjo&url=%2FProfessional-Cappuccino-Removable-Cappuccinos-Macchiatos%2Fdp%2FB0B8CDCZVZ%2Fref%3Dsr_1_146_sspa%3Fcrid%3D2QSFJ6NILU9ZH%26keywords%3Despresso%2Bmachine%26qid%3D1688400143%26sprefix%3Despress%252Caps%252C162%26sr%3D8-146-spons%26sp_csd%3Dd2lkZ2V0TmFtZT1zcF9hdGZfbmV4dA%26psc%3D1
35,B0BYSGYRN8,"15Bar Espresso Machine, Espresso Maker with Commercial Steamer for Latte and Cappuccino, Expresso Coffee Machine with 42 oz Removable Water Tank, Full Stainless Steel - CM5200",99.99,4.2 out of 5 stars,14,https://www.amazon.com/sspa/click?ie=UTF8&spc=MToxODUxNjg3NTk0OTg0MzI5OjE2ODg0MDAxNDM6c3BfYXRmX25leHQ6MjAwMTY0NDQyMTQyNDk4OjowOjo&url=%2FIhomekee-Commercial-Cappuccino-Removable-Stainless%2Fdp%2FB0BYSGYRN8%2Fref%3Dsr_1_148_sspa%3Fcrid%3D2QSFJ6NILU9ZH%26keywords%3Despresso%2Bmachine%26qid%3D1688400143%26sprefix%3Despress%252Caps%252C162%26sr%3D8-148-spons%26sp_csd%3Dd2lkZ2V0TmFtZT1zcF9hdGZfbmV4dA%26psc%3D1
39,B0BBTQFKZQ,"Espresso Machines 15 Bar with Adjustable Milk Frother Wand Expresso Coffee Machine for Cappuccino, Latte, Mocha, Machiato, 1.5L Removable Water Tank, Double Temperature Control System, 1100W, Black",139.99,3.8 out of 5 stars,144,https://www.amazon.com/Espresso-Adjustable-Cappuccino-Removable-Temperature/dp/B0BBTQFKZQ/ref=sr_1_152?crid=2QSFJ6NILU9ZH&keywords=espresso+machine&qid=1688400143&sprefix=espress%2Caps%2C162&sr=8-152
40,B000U6BSI2,Mr. Coffee 4-Cup Steam Espresso System with Milk Frother,85.56,4.3 out of 5 stars,7,https://www.amazon.com/Mr-Coffee-Espresso-System-Frother/dp/B000U6BSI2/ref=sr_1_153?crid=2QSFJ6NILU9ZH&keywords=espresso+machine&qid=1688400143&sprefix=espress%2Caps%2C162&sr=8-153
41,B0BZPGQZSQ,"Mecity 20 Bar Espresso Machine, Professional Cappuccino Maker with Milk Frother Steam Wand, Brushed Stainless Steel Coffee Machine 37 Oz Removable Water Reservoir, 1350W",139.99,4.6 out of 5 stars,17,https://www.amazon.com/sspa/click?ie=UTF8&spc=MTo2ODcxMzk1NTk2MTkzMjQzOjE2ODg0MDAxNjk6c3BfYXRmX25leHQ6MjAwMTcwNDQxNjg4Njk4OjowOjo&url=%2FMecity-Professional-Cappuccino-Stainless-Removable%2Fdp%2FB0BZPGQZSQ%2Fref%3Dsr_1_193_sspa%3Fcrid%3D2QSFJ6NILU9ZH%26keywords%3Despresso%2Bmachine%26qid%3D1688400169%26sprefix%3Despress%252Caps%252C162%26sr%3D8-193-spons%26sp_csd%3Dd2lkZ2V0TmFtZT1zcF9hdGZfbmV4dA%26psc%3D1
42,B0B93FP1Y7,"Pod Coffee Maker Single Serve, HiBREW 5-in-1 Espresso Machine for Pods, Kcup*/Nes* Original/DG*/ESE Pod/Espresso Powder Compatible, Cold/Hot Mode, 20 oz Removable Reservoir, LED Bars Indicator, 19 Bar",149.99,3.8 out of 5 stars,41,https://www.amazon.com/sspa/click?ie=UTF8&spc=MTo2ODcxMzk1NTk2MTkzMjQzOjE2ODg0MDAxNjk6c3BfYXRmX25leHQ6MjAwMDkwNjY1MDYwMDk4OjowOjo&url=%2FEspresso-Compatible-Removable-Reservoir-Indicator%2Fdp%2FB0B93FP1Y7%2Fref%3Dsr_1_194_sspa%3Fcrid%3D2QSFJ6NILU9ZH%26keywords%3Despresso%2Bmachine%26qid%3D1688400169%26sprefix%3Despress%252Caps%252C162%26sr%3D8-194-spons%26sp_csd%3Dd2lkZ2V0TmFtZT1zcF9hdGZfbmV4dA%26psc%3D1
43,B0C3LRH96R,"Cappuccino, Latte and Espresso Machine, 20 Bar Touch Panel Cappuccino Espresso Maker Stainless Steel with Automatic Milk Frothing System",259.99,4.4 out of 5 stars,64,https://www.amazon.com/sspa/click?ie=UTF8&spc=MTo2ODcxMzk1NTk2MTkzMjQzOjE2ODg0MDAxNjk6c3BfYXRmX25leHQ6MzAwMDAyMjk2ODQzOTAyOjowOjo&url=%2FMAttinata-Cappuccino-Espresso-Stainless-Automatic%2Fdp%2FB0C3LRH96R%2Fref%3Dsr_1_195_sspa%3Fcrid%3D2QSFJ6NILU9ZH%26keywords%3Despresso%2Bmachine%26qid%3D1688400169%26sprefix%3Despress%252Caps%252C162%26sr%3D8-195-spons%26sp_csd%3Dd2lkZ2V0TmFtZT1zcF9hdGZfbmV4dA%26psc%3D1
44,B0C36QJGN8,"CASABREWS Espresso Machine 20 Bar, Stainless Steel Espresso Maker With Steam Milk Frother, Compact Espresso Coffee Machine Cappuccino Latte Machine With 43.9 oz Removable Water Tank, Gift for Dad Mom",169.99,4.3 out of 5 stars,20,https://www.amazon.com/sspa/click?ie=UTF8&spc=MTo2ODcxMzk1NTk2MTkzMjQzOjE2ODg0MDAxNjk6c3BfYXRmX25leHQ6MzAwMDAxNDA3MTM2OTAyOjowOjo&url=%2FCASABREWS-Espresso-Stainless-Cappuccino-Removable%2Fdp%2FB0C36QJGN8%2Fref%3Dsr_1_196_sspa%3Fcrid%3D2QSFJ6NILU9ZH%26keywords%3Despresso%2Bmachine%26qid%3D1688400169%26sprefix%3Despress%252Caps%252C162%26sr%3D8-196-spons%26sp_csd%3Dd2lkZ2V0TmFtZT1zcF9hdGZfbmV4dA%26psc%3D1
47,B0BG82KP9Q,"Laekerrt Espresso Machine 20 Bar Espresso Maker CMEP01 with Milk Frother Steam Wand, Professional Expresso Machine for Cappuccino and Latte (Pink) Gift for Coffee Lovers, Girl Friend, Daughter, Mom",179.98,4.2 out of 5 stars,456,https://www.amazon.com/Laekerrt-Espresso-CMEP01-Professional-Cappuccino/dp/B0BG82KP9Q/ref=sr_1_199?crid=2QSFJ6NILU9ZH&keywords=espresso+machine&qid=1688400169&sprefix=espress%2Caps%2C162&sr=8-199
51,B0C3W2Q2HK,"ICUIRE Espresso Machine, Upgraded 20 Bar Espresso Maker with 37Oz Removable Water Tank, Expresso Coffee Machines with Steamer, 1350W",119.99,0,0,https://www.amazon.com/ICUIRE-Espresso-Upgraded-Removable-Expresso/dp/B0C3W2Q2HK/ref=sr_1_203?crid=2QSFJ6NILU9ZH&keywords=espresso+machine&qid=1688400169&sprefix=espress%2Caps%2C162&sr=8-203
53,B08QZSN97Z,"Ninja CFP301 DualBrew Pro Specialty 12-Cup Drip Maker with Glass Carafe, Single-Serve Grounds, compatible with K-Cup pods, with 4 Brew Styles, Frother & Separate Hot Water System, Black",210.0,4.6 out of 5 stars,8,https://www.amazon.com/Ninja-CFP301-Specialty-Single-Serve-compatible/dp/B08QZSN97Z/ref=sr_1_205?crid=2QSFJ6NILU9ZH&keywords=espresso+machine&qid=1688400169&sprefix=espress%2Caps%2C162&sr=8-205
54,B0BR39C3LB,"Espresso Machines 20 Bar 1050W Brewing Pressure Latte Cappuccino Machine, Expresso Coffee Machine with Milk Frother, 1.5L/50Oz Detachable Water Tank, Coffee Maker for Macchiato, Latte",89.97,4.0 out of 5 stars,29,https://www.amazon.com/IAHAUCH-Espresso-Cappuccino-Detachable-Macchiato/dp/B0BR39C3LB/ref=sr_1_206?crid=2QSFJ6NILU9ZH&keywords=espresso+machine&qid=1688400169&sprefix=espress%2Caps%2C162&sr=8-206
58,B01CR73S5C,"Capresso 124.01 Ultima Pro Programmable Pump Espresso Machine, Black/Stainless Steel",169.99,4.0 out of 5 stars,478,https://www.amazon.com/sspa/click?ie=UTF8&spc=MTo1OTcwMzI1MjkyMTg3MjA1OjE2ODg0MDAyMDM6c3BfYXRmX25leHQ6MjAwMDczNTY1NzY4Mzk4OjowOjo&url=%2FCapresso-124-01-Programmable-Espresso-Machine%2Fdp%2FB01CR73S5C%2Fref%3Dsr_1_242_sspa%3Fcrid%3D2QSFJ6NILU9ZH%26keywords%3Despresso%2Bmachine%26qid%3D1688400202%26sprefix%3Despress%252Caps%252C162%26sr%3D8-242-spons%26sp_csd%3Dd2lkZ2V0TmFtZT1zcF9hdGZfbmV4dA%26psc%3D1
59,B0B24LCM19,"Gevi 15 Bar Espresso Machine, Professional Espresso Coffee Maker with Milk Frother for Espresso, Latte, Machiato and Cappuccino, 1.5L Removable Water Tank, Silver, 1100W",109.99,3.7 out of 5 stars,226,https://www.amazon.com/sspa/click?ie=UTF8&spc=MTo1OTcwMzI1MjkyMTg3MjA1OjE2ODg0MDAyMDM6c3BfYXRmX25leHQ6MjAwMTI4ODMwNjY5MTk4OjowOjo&url=%2FGevi-Espresso-Professional-Cappuccino-Removable%2Fdp%2FB0B24LCM19%2Fref%3Dsr_1_243_sspa%3Fcrid%3D2QSFJ6NILU9ZH%26keywords%3Despresso%2Bmachine%26qid%3D1688400202%26sprefix%3Despress%252Caps%252C162%26sr%3D8-243-spons%26sp_csd%3Dd2lkZ2V0TmFtZT1zcF9hdGZfbmV4dA%26psc%3D1
